position_group,score_state,n,unweighted,symmetric,signed,unweighted_share,symmetric_share,signed_share
defender,chasing,296918,557.4535550573245,383.0075778455546,340.69907979545127,0.24533737065060285,0.2176074050869542,0.2159364703812951
defender,level,559686,1083.6268838715655,1150.3534672619212,1013.6681608450639,0.4769081980794212,0.653578277358756,0.6424670266858302
defender,protecting,262767,631.1113334824224,226.72417668223218,223.4073668347924,0.2777544312699758,0.12881431755428988,0.14159650293287457
forward,chasing,123388,374.40951267321327,256.1262277416425,274.1790609058844,0.21581680586058719,0.19985939347311998,0.24155229513176818
forward,level,229213,751.8462031428344,817.521897363515,746.5775813368725,0.433378534915375,0.637925416692894,0.6577363262898809
forward,protecting,126965,608.593019342573,207.8839724896953,114.31458842519491,0.35080465922403786,0.162215189833986,0.10071137857835104
goalkeeper,chasing,35806,-87.42730608758886,-55.762288954614746,-116.36918169482807,0.15760242798379856,0.15789437399867712,0.3366186090703992
goalkeeper,level,66033,-250.91569316226267,-222.4269643547632,-271.633971237608,0.45231775095520393,0.6298157223389046,0.7857496997277268
goalkeeper,protecting,35175,-216.3902444320055,-74.97272163902608,42.30277107835074,0.3900798210609974,0.21228990366241832,-0.12236830879812585
midfielder,chasing,280699,650.4332718302483,450.98692571855406,411.07208645425345,0.2443040169687052,0.2227656955916967,0.23192917947242878
midfielder,level,535467,1183.0765200714302,1289.2467161339328,1143.7502091978238,0.44436586926358723,0.6368254269262746,0.6453102905351146
midfielder,protecting,279639,828.8830737611376,284.2563700439586,217.58119143532832,0.3113301137677076,0.14040887748202857,0.12276052999245672
