position_group,score_state,scoring,conceding,scoring_w,conceding_w
defender,chasing,490.97009803002567,66.4834570272988,324.05745405836154,16.641625737089694
defender,level,941.4095202284332,142.21736364313227,898.3711614294174,115.29699941564647
defender,protecting,530.5521114356166,100.55922204680591,132.57014131450862,90.83722552028378
forward,chasing,468.3459509405943,-93.93643826738104,294.5375122554048,-20.35845134952042
forward,level,890.7195499707942,-138.87334682795984,858.7437689005394,-112.16618756366692
forward,protecting,662.9316571980979,-54.33863785552487,157.45873238938057,-43.14414396418566
goalkeeper,chasing,-227.21721031529145,139.7899042277026,-142.84284332269021,26.473661627862143
goalkeeper,level,-544.1689554638657,293.25326230160306,-508.7938843485971,237.15991311098907
goalkeeper,protecting,-378.973066142797,162.5828217107915,-97.44357809766477,139.7463491760155
midfielder,chasing,644.9951283814532,5.438143448794993,410.12019990720495,0.9518865470484782
midfielder,level,1182.910364545655,0.16615552577508247,1142.5308455941192,1.2193636037044622
midfielder,protecting,796.2914885903446,32.59158517079302,191.55850514609955,26.022686289228794
